{
  "project_info": {
    "project_number": "741689728710",
    "firebase_url": "https://fir-demo-24e65.firebaseio.com",
    "project_id": "fir-demo-24e65",
    "storage_bucket": "fir-demo-24e65.appspot.com"
  },
  "client": [
    {
      "client_info": {
        "mobilesdk_app_id": "1:741689728710:android:74b967268485f00e",
        "android_client_info": {
          "package_name": "org.itstep.firebasehello"
        }
      },
      "oauth_client": [
        {
          "client_id": "741689728710-8toqe9nlb5v5ck28n8512gr959kbg0lk.apps.googleusercontent.com",
          "client_type": 1,
          "android_info": {
            "package_name": "org.itstep.firebasehello",
            "certificate_hash": "709dfea609fff331164a0c0529d69f421398347e"
          }
        },
        {
          "client_id": "741689728710-l8e69o6e59vlbm41sms6ndnv8hllp85r.apps.googleusercontent.com",
          "client_type": 3
        }
      ],
      "api_key": [
        {
          "current_key": "AIzaSyAOER15YawcuHijJAZ4etVYWhcokuQuT-w"
        }
      ],
      "services": {
        "analytics_service": {
          "status": 1
        },
        "appinvite_service": {
          "status": 2,
          "other_platform_oauth_client": [
            {
              "client_id": "741689728710-l8e69o6e59vlbm41sms6ndnv8hllp85r.apps.googleusercontent.com",
              "client_type": 3
            }
          ]
        },
        "ads_service": {
          "status": 2
        }
      }
    }
  ],
  "configuration_version": "1"
}